{
  "users": [
    {
      "username": "naseef",
      "password": "$2b$10$WmJ7hXgPg5fxKajtNphOo.fGSnKnC71x9XHR7mKBlJJOSc3SeLFSO"
    },
    {
      "username": "kenneth",
      "password": "$2b$10$pF.qPDUqQ38aKcu/NgUG.OlCu6jYEOHLQoNuzsxN/LaZQ95rLcjlK"
    },
    {
      "username": "tarsis",
      "password": "$2b$10$ZE4oAibcNLTJ3i9EhjOBgejB3v9xmOUXoiAIi9NuBQ4yq4OovDuqq"
    },
    {
      "username": "lapioche",
      "password": "$2b$10$O7sOef94z.tWjflZoB2pZurfBpNMfBuzuwgjEMh5onKV2BCchbiBK"
    }
  ]
}